<?xml version="1.0" encoding="UTF-8"?>
<definitions xmlns="http://www.omg.org/spec/BPMN/20100524/MODEL" xmlns:xsi="http://www.w3.org/2001/XMLSchema-instance" xmlns:xsd="http://www.w3.org/2001/XMLSchema" xmlns:activiti="http://activiti.org/bpmn" xmlns:bpmndi="http://www.omg.org/spec/BPMN/20100524/DI" xmlns:omgdc="http://www.omg.org/spec/DD/20100524/DC" xmlns:omgdi="http://www.omg.org/spec/DD/20100524/DI" typeLanguage="http://www.w3.org/2001/XMLSchema" expressionLanguage="http://www.w3.org/1999/XPath" targetNamespace="http://www.activiti.org/processdef">
  <process id="MyTestProcess" name="MyTestProcess" isExecutable="true">
    <startEvent id="startNode"></startEvent>
    <userTask id="sid-11A6323A-5631-413D-83C6-C509AB311C37" name="UserEvent"></userTask>
    <sequenceFlow id="sid-2FECC507-B1A5-43B4-A6BA-2719E10CAB74" sourceRef="startNode" targetRef="sid-11A6323A-5631-413D-83C6-C509AB311C37"></sequenceFlow>
    <endEvent id="EndNode"></endEvent>
    <sequenceFlow id="sid-72CE044B-0A13-4A49-A9A3-E1385FBF4815" sourceRef="sid-11A6323A-5631-413D-83C6-C509AB311C37" targetRef="EndNode"></sequenceFlow>
  </process>
  <bpmndi:BPMNDiagram id="BPMNDiagram_MyTestProcess">
    <bpmndi:BPMNPlane bpmnElement="MyTestProcess" id="BPMNPlane_MyTestProcess">
      <bpmndi:BPMNShape bpmnElement="startNode" id="BPMNShape_startNode">
        <omgdc:Bounds height="30.0" width="30.0" x="90.0" y="135.0"></omgdc:Bounds>
      </bpmndi:BPMNShape>
      <bpmndi:BPMNShape bpmnElement="sid-11A6323A-5631-413D-83C6-C509AB311C37" id="BPMNShape_sid-11A6323A-5631-413D-83C6-C509AB311C37">
        <omgdc:Bounds height="80.0" width="100.0" x="165.0" y="110.0"></omgdc:Bounds>
      </bpmndi:BPMNShape>
      <bpmndi:BPMNShape bpmnElement="EndNode" id="BPMNShape_EndNode">
        <omgdc:Bounds height="28.0" width="28.0" x="300.0" y="135.0"></omgdc:Bounds>
      </bpmndi:BPMNShape>
      <bpmndi:BPMNEdge bpmnElement="sid-2FECC507-B1A5-43B4-A6BA-2719E10CAB74" id="BPMNEdge_sid-2FECC507-B1A5-43B4-A6BA-2719E10CAB74">
        <omgdi:waypoint x="120.0" y="150.0"></omgdi:waypoint>
        <omgdi:waypoint x="165.0" y="150.0"></omgdi:waypoint>
      </bpmndi:BPMNEdge>
      <bpmndi:BPMNEdge bpmnElement="sid-72CE044B-0A13-4A49-A9A3-E1385FBF4815" id="BPMNEdge_sid-72CE044B-0A13-4A49-A9A3-E1385FBF4815">
        <omgdi:waypoint x="265.0" y="149.49494949494948"></omgdi:waypoint>
        <omgdi:waypoint x="300.0007141581865" y="149.14140692769507"></omgdi:waypoint>
      </bpmndi:BPMNEdge>
    </bpmndi:BPMNPlane>
  </bpmndi:BPMNDiagram>
</definitions>